,Model,Model,Model,DeuEng,DeuEng,DeuEng,DeuEng,DeuEng,DeuEng,DeuEng,DeuEng,DeuEng,EngDeu,EngDeu,EngDeu,EngDeu,EngDeu,EngDeu,EngDeu,EngDeu,EngDeu
,Embed Size,Hidden Size,Total Params,Perplexity,BLEU,NIST,METEOR,ROUGE,TER,BERT,BLEURT,COMET,Perplexity,BLEU,NIST,METEOR,ROUGE,TER,BERT,BLEURT,COMET
Fwd_RNN,256,256,24617472,210.8108818,0.004925006,0.327334492,0.088168259,0.089016316,99.83129914,0.087387465,-1.452529762,0.351010676,327.9964269,0.004688401,0.692167296,0.077576188,0.057870242,126.6178592,-0.027242919,-0.896951476,0.245452226
LSTM_Att,256,256,25471744,9.412059558,0.206042755,5.312799171,0.461303182,0.429747867,69.68078864,0.503375232,-0.20098832,0.706303271,19.23639378,0.114352068,3.679421538,0.33598557,0.301287096,81.57176898,0.389057577,-0.358501137,0.534976844
EDTM,256,256,28569088,9.189898126,0.2674486,7.119126589,0.538339223,0.472766658,63.20414271,0.57393086,-0.025463088,0.761718937,9.892133949,0.215390319,6.144622337,0.472041749,0.402190393,70.91929517,0.536955059,-0.145120359,0.736540217
Google_API,,,,,0.324619037,7.755585784,0.595194841,0.526834667,57.56953409,0.620624006,0.128772407,0.831214262,,0.262363556,6.871605401,0.525315166,0.450619052,66.55170251,0.590098798,-0.076820946,0.837547579
