,Model,Model,Model,DeuEng,DeuEng,DeuEng,DeuEng,DeuEng,DeuEng,DeuEng,DeuEng,DeuEng,EngDeu,EngDeu,EngDeu,EngDeu,EngDeu,EngDeu,EngDeu,EngDeu,EngDeu
,Embed Size,Hidden Size,Total Params,Perplexity,BLEU,NIST,METEOR,ROUGE,TER,BERT,BLEURT,COMET,Perplexity,BLEU,NIST,METEOR,ROUGE,TER,BERT,BLEURT,COMET
Fwd_RNN,256,256,24617472,240.13973377679744,0.019885707837795627,0.21609482731571994,0.09240435934094782,0.08016087930981548,97.54098360655738,0.10723487287759781,-1.4219883918762206,0.3450803518295288,461.9113460363727,2.4993564712734323e-155,0.5470598682881014,0.06796419810015683,0.03596276927249438,116.34615384615385,-0.08697132021188736,-1.042591941356659,0.2286791145801544
LSTM_Att,256,256,25471744,10.150693921438753,0.2018307975949512,3.6140203434276246,0.5420212395221559,0.44751352423650764,65.57377049180327,0.5408937335014343,-0.07535673752427101,0.7441373705863953,24.110177100738163,0.13167734445341345,2.4975563967768157,0.3511029448184516,0.2743846576758669,79.8076923076923,0.34513744711875916,-0.4849525630474091,0.5222532510757446
EDTM,256,256,28569088,8.915064834435654,0.2148848515113599,3.7654575403437587,0.5558958308409123,0.4796125531640163,62.295081967213115,0.5684036016464233,-0.14293112754821777,0.7977964401245117,12.088354413325883,0.20471641772478297,3.226927795880164,0.48500141537506813,0.4254726418473074,69.23076923076923,0.5111707448959351,-0.23829451575875282,0.7490228414535522
Google_API,,,,,0.29525877979132226,4.157734322198849,0.604030954426187,0.5134353709252215,62.295081967213115,0.6265128254890442,0.17584724724292755,0.865531837940216,,0.19114997658597987,3.332578190139264,0.5340928474824328,0.42065588443410545,74.03846153846155,0.5524536371231079,-0.2314014367759228,0.869284200668335
