,Model,Model,Model,DeuEng,DeuEng,DeuEng,DeuEng,DeuEng,DeuEng,DeuEng,DeuEng,DeuEng,EngDeu,EngDeu,EngDeu,EngDeu,EngDeu,EngDeu,EngDeu,EngDeu,EngDeu
,Embed Size,Hidden Size,Total Params,Perplexity,BLEU,NIST,METEOR,ROUGE,TER,BERT,BLEURT,COMET,Perplexity,BLEU,NIST,METEOR,ROUGE,TER,BERT,BLEURT,COMET
Fwd_RNN,256,256,24617472,210.81088176188507,0.004925005583338768,0.32733449189008146,0.08816825893814659,0.08901631595810415,99.83129914329304,0.08738746494054794,-1.4525297617577015,0.3510106764485439,327.99642693180175,0.004688401190059661,0.6921672964064195,0.07757618841818947,0.05787024187678977,126.6178591584624,-0.02724291943013668,-0.8969514762759209,0.24545222645998002
LSTM_Att,256,256,25471744,9.412059558320106,0.20604275462857066,5.312799171447314,0.4613031815493187,0.4297478666100802,69.68078863983101,0.503375232219696,-0.20098831956461072,0.7063032707422972,19.236393783882342,0.11435206767059546,3.679421538130842,0.33598557021513487,0.3012870961692983,81.57176898476203,0.38905757665634155,-0.35850113662456473,0.5349768439233303
EDTM,256,256,28569088,9.18989812556454,0.2674485998401485,7.119126589037507,0.5383392225411032,0.4727666580435521,63.20414270625514,0.5739308595657349,-0.025463088208188614,0.7617189366122087,9.892133949442744,0.21539031911275086,6.1446223371300634,0.4720417493764717,0.40219039279472873,70.91929516523484,0.5369550585746765,-0.14512035886570812,0.7365402170668046
Google_API,,,,,0.0,1.226058445466919e-109,0.00023334518920899757,0.00023079474422758008,99.96479286468724,-1.7126481533050537,-2.0551576826572417,0.3457923899143934,,0.0,5.035837803973852e-94,0.0005809555882880808,0.0004104571774263244,99.97648460525491,-1.5934827327728271,-2.068972026144465,0.3286511628081401
