,Model,Model,Model,DeuEng,DeuEng,DeuEng,DeuEng,EngDeu,EngDeu,EngDeu,EngDeu
,Embed Size,Hidden Size,Total Params,Perplexity,BLEU,NIST,METEOR,Perplexity,BLEU,NIST,METEOR
Fwd_RNN,256,256,24617472,322.2348932417047,4.638402001741708e-79,0.7140122749599522,0.0797220184893938,387.878706764157,4.892701584569904e-79,0.6733974356943523,0.08866685202291105
LSTM_Att,256,256,25471744,13.387607891988182,0.19348473832834964,4.025547419709306,0.47142261002553426,22.147002363976476,0.12057865546429695,2.7598009768862295,0.3291510189180522
Google_API,,,,0.0,0.2592477196524177,4.803902281406121,0.5541199812277207,0.0,0.20485122474433343,3.969915856731987,0.4671059331013645
