,Model,Model,Model,DeuEng,DeuEng,DeuEng,DeuEng,EngDeu,EngDeu,EngDeu,EngDeu
,Embed Size,Hidden Size,Total Params,Perplexity,BLEU,NIST,METEOR,Perplexity,BLEU,NIST,METEOR
Fwd_RNN,256,256,24617472,394.6768623806635,2.75633521711821e-155,0.8936322741130827,0.09447439494715529,508.56014315113396,2.85225452783509e-155,0.5525496153372396,0.0745083468876429
LSTM_Att,256,256,25471744,10.304973532525297,0.18815740068675457,3.3228639624774328,0.5417809744898575,24.410928332124566,0.11609437487174404,2.6674330230721157,0.3939934474888543
Google_API,,,,0.0,0.29525877979132226,4.15773432219885,0.604030954426187,0.0,0.19114997658597987,3.3325781901392646,0.5340928474824328
