,Model,Model,Model,DeuEng,DeuEng,DeuEng,DeuEng,DeuEng,EngDeu,EngDeu,EngDeu,EngDeu,EngDeu
,Embed Size,Hidden Size,Total Params,Perplexity,BLEU,NIST,METEOR,BERT,Perplexity,BLEU,NIST,METEOR,BERT
Fwd_RNN,256,256,24617472,0.002533718328376458,2.182788882281272e-155,0.5603164865723852,0.061707786147128664,0.0003325281722936779,0.0019663357686739128,2.717195358577282e-155,0.49069947053699775,0.07055308933022608,-0.06926564872264862
LSTM_Att,256,256,25471744,0.09704052095269612,0.18596725052572302,3.28190859693296,0.5330465627357901,0.5250396728515625,0.040965258936261295,0.12092024083825868,2.5336366003735957,0.3932057036301723,0.36817389726638794
EDTM,256,256,28569088,0.11216968340346373,0.2220701904827188,3.8744199469498932,0.5600314619222095,0.5673266053199768,0.08272424565064261,0.20471641772478297,3.226927795880164,0.48500141537506813,0.5111707448959351
Google_API,,,,,0.29525877979132226,4.157734322198849,0.604030954426187,0.6265128254890442,,0.19114997658597987,3.332578190139264,0.5340928474824328,0.5524536371231079
