,Model,Model,Model,DeuEng,DeuEng,DeuEng,DeuEng,EngDeu,EngDeu,EngDeu,EngDeu
,Embed Size,Hidden Size,Total Params,Perplexity,BLEU,NIST,METEOR,Perplexity,BLEU,NIST,METEOR
Fwd_RNN,256,256,24617472,322.2348932417047,5.2194149357777204e-79,0.8142399143266343,0.08425764906551506,387.878706764157,4.6771910229158094e-79,0.6218636255086927,0.07942530122355815
LSTM_Att,256,256,25471744,13.387607891988182,0.19372589089434944,4.039042197159533,0.4704752265396273,22.147002363976476,0.13481168433868815,3.067367246688359,0.3550481017246554
