,Model,Model,Model,DeuEng,DeuEng,DeuEng,DeuEng,DeuEng,EngDeu,EngDeu,EngDeu,EngDeu,EngDeu
,Embed Size,Hidden Size,Total Params,Perplexity,BLEU,NIST,METEOR,BERT,Perplexity,BLEU,NIST,METEOR,BERT
Fwd_RNN,256,256,24617472,394.6768623806635,7.015693372629958e-232,0.39115950252631415,0.05801590266202673,-0.02543928660452366,508.56014315113396,2.7663163198395412e-155,0.5083712381659585,0.07052454964247483,-0.04146848991513252
LSTM_Att,256,256,25471744,10.304973532525297,0.18815740068675457,3.3228639624774328,0.5417809744898575,0.5262078046798706,24.410928332124566,0.16111912480917298,2.792131557739154,0.38588647606016574,0.42860087752342224
Google_API,,,,,0.29525877979132226,4.15773432219885,0.604030954426187,0.6265128254890442,,0.19114997658597987,3.3325781901392646,0.5340928474824328,0.5524536967277527
