,Model,Model,Model,Model,DeuEng,DeuEng,DeuEng,DeuEng,DeuEng,DeuEng,DeuEng,DeuEng,DeuEng,EngDeu,EngDeu,EngDeu,EngDeu,EngDeu,EngDeu,EngDeu,EngDeu,EngDeu
,Embed Size,Hidden Size,Total Params,Size (MB),Perplexity,BLEU,NIST,METEOR,ROUGE,TER,BERT,BLEURT,COMET,Perplexity,BLEU,NIST,METEOR,ROUGE,TER,BERT,BLEURT,COMET
Fwd_RNN,256,256,24617472,93.91,210.8108818,0.006869142,0.594018569,0.079122381,0.070730655,107.0414271,-0.041285079,-1.327750991,0.345049206,327.9964269,0.005623266,0.562597122,0.099296111,0.063246624,99.75700759,0.095470533,-0.83337001,0.279597859
LSTM_Att,256,256,25471744,97.17,9.412059558,0.281621761,7.303277567,0.545999173,0.481210668,62.51026875,0.58392334,-0.004994487,0.768599508,19.23639378,0.169924438,5.3592758,0.416009118,0.356497514,76.49557911,0.479972094,-0.230845674,0.631278897
EDTM,256,256,28569088,111.7,9.189898126,0.278818204,7.316017527,0.546185505,0.481803344,61.87213942,0.586587548,0.000223331,0.773063001,9.892133949,0.224753664,6.316400876,0.483784673,0.411083813,69.87521164,0.550851047,-0.133724711,0.758253741
Google_API,,,,,,0.324619037,7.755585784,0.595194841,0.526935568,57.56953409,0.620624006,0.128772407,0.831214262,,0.262363556,6.871605401,0.525315166,0.450779383,66.55170251,0.590098798,-0.076820946,0.837547579
