,Model,Model,Model,DeuEng,DeuEng,DeuEng,DeuEng,DeuEng,DeuEng,DeuEng,DeuEng,DeuEng,EngDeu,EngDeu,EngDeu,EngDeu,EngDeu,EngDeu,EngDeu,EngDeu,EngDeu
,Embed Size,Hidden Size,Total Params,Perplexity,BLEU,NIST,METEOR,ROUGE,TER,BERT,BLEURT,COMET,Perplexity,BLEU,NIST,METEOR,ROUGE,TER,BERT,BLEURT,COMET
Fwd_RNN,256,256,24617472,210.81088176188507,0.00748304014098965,0.6407794203878032,0.07702034111933379,0.07249421804316726,104.78817040253492,-0.06571626663208008,-1.308436997504284,0.3395469322750966,327.99642693180175,0.005324736634081932,0.4774636109883363,0.0939067780600889,0.06081939276755044,99.60023828933342,0.08359300345182419,-0.8518509996930758,0.2806059642682473
LSTM_Att,256,256,25471744,9.412059558320106,0.21523005505020953,5.363377198747983,0.4725789852028553,0.4425277958997144,68.08179791104331,0.5197716355323792,-0.15981817468255757,0.7233037901222705,19.236393783882342,0.13117996365420015,3.6511077993149867,0.36379608503934824,0.3333629557312821,77.95039819401768,0.42735037207603455,-0.31661196759715676,0.5932678823918104
EDTM,256,256,28569088,9.18989812556454,0.27806858797372785,7.3113810454173604,0.5450473815773258,0.482321962089361,61.861870672456284,0.5845644474029541,-0.002774478752166033,0.7722504779994488,9.892133949442744,0.22367131526528308,6.316236903945708,0.4806796405492745,0.4108053522519712,69.88932087539976,0.5463716387748718,-0.13784327406684557,0.7550405663897594
Google_API,,,,,0.3246190365617917,7.75558578449338,0.5951948406679876,0.5270371364963441,57.56953409224269,0.6206240057945251,0.12877240657558045,0.831214261646072,,0.2623635562738157,6.871605401056053,0.5253151657734895,0.45072425358300666,66.55170251457955,0.5900987982749939,-0.07682094646990299,0.8375475785086552
