,Model,Model,Model,DeuEng,DeuEng,DeuEng,DeuEng,DeuEng,DeuEng,DeuEng,DeuEng,DeuEng,EngDeu,EngDeu,EngDeu,EngDeu,EngDeu,EngDeu,EngDeu,EngDeu,EngDeu
,Embed Size,Hidden Size,Total Params,Perplexity,BLEU,NIST,METEOR,ROUGE,TER,BERT,BLEURT,COMET,Perplexity,BLEU,NIST,METEOR,ROUGE,TER,BERT,BLEURT,COMET
Fwd_RNN,256,256,24617472,210.81088176188507,0.006869141966742883,0.5940185686862562,0.07912238107698075,0.07073065494002792,107.04142706255135,-0.04128507897257805,-1.3277509909383953,0.3450492063611746,327.99642693180175,0.0056232664955082,0.5625971217169129,0.09929611141624801,0.06324662364714288,99.75700758763404,0.09547053277492523,-0.8333700101325909,0.2795978585431973
LSTM_Att,256,256,25471744,9.412059558320106,0.2816217611820789,7.303277566511637,0.5459991729331551,0.4812106682093564,62.51026874779956,0.58392333984375,-0.0049944865629076955,0.7685995079576969,19.236393783882342,0.16992443779336644,5.359275799748141,0.41600911834988424,0.35649751415909403,76.49557910578793,0.47997209429740906,-0.2308456735437115,0.6312788970818122
EDTM,256,256,28569088,9.18989812556454,0.27881820366431936,7.31601752699745,0.5461855051970788,0.48180334358009436,61.872139420255834,0.5865875482559204,0.00022333116953571636,0.7730630006988843,9.892133949442744,0.22475366350079504,6.3164008759658765,0.48378467260543706,0.4110838127263256,69.8752116385527,0.550851047039032,-0.13372471062093974,0.7582537413438161
Google_API,,,,,0.3246190365617917,7.75558578449338,0.5951948406679876,0.5269355683238893,57.56953409224269,0.6206240057945251,0.12877240657558045,0.831214261646072,,0.2623635562738157,6.871605401056053,0.5253151657734895,0.45077938317576544,66.55170251457955,0.5900987982749939,-0.07682094646990299,0.8375475785086552
